skill,role_1,prob_1,role_2,prob_2,role_3,prob_3,role_4,prob_4,role_5,prob_5
3d,Other,0.11582020009588334,Game Developer,0.06434543660419462,Mobile Developer,0.05591940520983023,Marketing,0.05026439900048365,Data Analyst,0.04823218957372475
adobe,Designer,0.16487663328695565,Other,0.07213454002726405,Mobile Developer,0.048058746634667915,Marketing,0.04693448680489507,Data Analyst,0.0451145257772503
agile,Software Project Manager,0.42281668869063227,Other,0.043661962512384356,Mobile Developer,0.035297249926791785,Full Stack Python Developer,0.03391919718346246,Marketing,0.032254661953800425
analysis,Other,0.8775543885861471,Data Analyst,0.008483361094972879,Mobile Developer,0.0073983076648260985,Marketing,0.006898376805807518,Software Project Manager,0.006519713512539172
analytics,Marketing,0.343494844318331,Other,0.05264499511693573,Mobile Developer,0.04065439828946666,Data Analyst,0.03559444200175596,Software Project Manager,0.03463793235479631
android,Mobile Developer,0.18833600391693064,Other,0.0703429551685776,Marketing,0.04624283261811341,Data Analyst,0.0444916065319179,Software Project Manager,0.043206813915421145
angular,Full Stack Java Developer,0.1598783238569738,Other,0.07263188837344252,Web Developer,0.052511065841609895,Mobile Developer,0.05051313550310351,Marketing,0.04626440671799283
ansible,Other,0.08055707903596426,Mobile Developer,0.05887140622831336,DevOps Engineer,0.054273451374842796,Marketing,0.05279581757182832,Data Analyst,0.050650831436021955
apis,Backend Developer,0.13272786396919478,Mobile Developer,0.13032485983935016,Other,0.06533156959261864,Marketing,0.04387876094137937,Data Analyst,0.041314713257536904
asp,C# Developer,0.11779909099638566,Other,0.07449889207538457,Mobile Developer,0.05450875805080237,Marketing,0.049040979802475994,Data Analyst,0.04607084888376974
aws,DevOps Engineer,0.17992997246568093,Full Stack Java Developer,0.17487511339064257,Kubernetes Operations Engineer,0.0910355620149131,Other,0.04931593467398684,Mobile Developer,0.036065309589091585
azure,C# Developer,0.254691171152278,Other,0.06441219389680261,Mobile Developer,0.04494766095142733,Marketing,0.04133322768510918,Software Project Manager,0.038697816944178405
blockchain,Blockchain Developer,0.20236242934750734,Other,0.056209173078744075,Mobile Developer,0.05002724325627809,Marketing,0.045317699886242034,Data Analyst,0.043515405774557724
boot,Full Stack Java Developer,0.13594172048148565,Other,0.07441643985711208,Mobile Developer,0.05288329088621867,Marketing,0.04824090604039472,Data Analyst,0.046360397804225094
c,Other,0.08074815673647599,Mobile Developer,0.059877397133988146,Marketing,0.053612575861358355,Data Analyst,0.051407933817408664,Software Project Manager,0.04990410666758822
c++,Other,0.08074815673647599,Mobile Developer,0.059877397133988146,Marketing,0.053612575861358355,Data Analyst,0.051407933817408664,Software Project Manager,0.04990410666758822
campaigns,Marketing,0.15541211501149615,Other,0.06970475327254642,Mobile Developer,0.05281917127358541,Data Analyst,0.045848147500463156,Software Project Manager,0.044549310303089416
cd,Kubernetes Operations Engineer,0.14153403691447508,Other,0.07293964151593198,Mobile Developer,0.0530671662756946,Marketing,0.04797875710811599,Data Analyst,0.04603656571906121
ci,Kubernetes Operations Engineer,0.14153403691447508,Other,0.07293964151593198,Mobile Developer,0.0530671662756946,Marketing,0.04797875710811599,Data Analyst,0.04603656571906121
communication,Other,0.8187633723741684,HR,0.01373393611587825,Data Scientist,0.012094821941600038,Mobile Developer,0.010674341814773064,Marketing,0.009935792127752995
content,Other,0.07900132151598063,Marketing,0.06524644271968592,Mobile Developer,0.059050977058157275,Data Analyst,0.05078834006286701,Software Project Manager,0.04930511972473619
contracts,Other,0.08060673591910868,Blockchain Developer,0.05987117279107889,Mobile Developer,0.05879936336472558,Marketing,0.05274251201943485,Data Analyst,0.050615296683863026
core,Mobile Developer,0.12732538220499276,C# Developer,0.09979548252399363,Other,0.05902152616485749,Marketing,0.04654710525825138,Software Project Manager,0.04352183659445923
creation,Other,0.07900132151598063,Marketing,0.06524644271968592,Mobile Developer,0.059050977058157275,Data Analyst,0.05078834006286701,Software Project Manager,0.04930511972473619
creativity,Other,0.07979387835920833,Designer,0.05934178656039243,Mobile Developer,0.058571875014116474,Marketing,0.05300399491452033,Data Analyst,0.05085025384388892
css,Frontend Developer,0.22783816251937455,Web Developer,0.11257758239428618,Other,0.058162406014016906,Mobile Developer,0.041948394707270686,Marketing,0.03833891362564985
data,Data Analyst,0.18907575537146643,Mobile Developer,0.113556631581429,Other,0.049667037342768956,Data Scientist,0.044632612629041064,Marketing,0.04238140548452619
deep,AIML,0.25320879718896405,Other,0.06593592322714034,Mobile Developer,0.04612941239578478,Marketing,0.04173049155525724,Data Analyst,0.03955255544678146
design,Game Developer,0.1977123086273036,Other,0.06712830554431544,Designer,0.05028522929709574,Mobile Developer,0.0484159230053092,Marketing,0.04426143752608518
development,Mobile Developer,0.14462777664068027,Game Developer,0.13063107013860872,Other,0.053740733265605536,Marketing,0.04407276234634408,Data Analyst,0.04187260504437247
digital,Marketing,0.18878698502506638,Other,0.06656976141740199,Mobile Developer,0.05064637527359816,Data Analyst,0.04400335459401269,Software Project Manager,0.042796454332811415
django,Full Stack Python Developer,0.2190296663895834,Other,0.06774874054470495,Mobile Developer,0.048506314447539,Marketing,0.04384560524232417,Data Analyst,0.041422261289110085
docker,Kubernetes Operations Engineer,0.26754954227917993,DevOps Engineer,0.09260121861599974,Other,0.05662006057833333,Mobile Developer,0.040557459935088525,Marketing,0.037123684255807074
employee,HR,0.152736087756389,Other,0.07227982976608606,Mobile Developer,0.05265698183495817,Marketing,0.047491357320004195,Data Analyst,0.04561139484588598
engine,Game Developer,0.21135857950198106,Other,0.06606758570844135,Mobile Developer,0.04745413497103223,Marketing,0.044164699413650546,Data Analyst,0.04248370086561567
ethereum,Blockchain Developer,0.3798687906284823,Other,0.04483188340041031,Mobile Developer,0.03862101629683568,Marketing,0.03513851319310443,Data Analyst,0.0338286615642619
ethical,Cybersecurity Engineer,0.15959230298963148,Other,0.07234054209340567,Mobile Developer,0.052019476275680994,Marketing,0.04698826230767483,Data Analyst,0.04516510365440764
excel,Other,0.9139766558866251,Mobile Developer,0.005282188032721543,Marketing,0.004922285246317734,Software Project Manager,0.004653897206603408,Data Analyst,0.004636599612180741
express,Web Developer,0.15677024400841677,Other,0.07182702312158784,Mobile Developer,0.05222402820199098,Marketing,0.04722953059857548,Data Analyst,0.04537700134733554
figma,Designer,0.3300527996531213,Other,0.051044591515552885,Marketing,0.03808979748184344,Data Analyst,0.036657975907307475,Mobile Developer,0.0364329093301862
financial,Other,0.9139766558866251,Mobile Developer,0.005282188032721543,Marketing,0.004922285246317734,Software Project Manager,0.004653897206603408,Data Analyst,0.004636599612180741
firewalls,Cybersecurity Engineer,0.18012483476494806,Other,0.06814602811757767,Mobile Developer,0.05079050087734098,Marketing,0.045956391103005104,Data Analyst,0.04422269966400316
flask,Full Stack Python Developer,0.27406127403302344,Other,0.049842545795040195,Mobile Developer,0.0463782287799924,Marketing,0.041859554068288514,Software Project Manager,0.03911490545112839
game,Game Developer,0.24189387675586485,Other,0.0604656344266898,Mobile Developer,0.04704449429126518,Marketing,0.042569151046652605,Data Analyst,0.040915025495519924
gcp,Kubernetes Operations Engineer,0.13648749294635307,Other,0.07317878204349279,Mobile Developer,0.05341272558658887,Marketing,0.04827669466999435,Data Analyst,0.04632228002357537
google,Other,0.08047644331516114,Marketing,0.0632772784851143,Mobile Developer,0.05910473284059748,Data Analyst,0.05080792946298547,Software Project Manager,0.04936117460707893
hacking,Cybersecurity Engineer,0.15959230298963148,Other,0.07234054209340567,Mobile Developer,0.052019476275680994,Marketing,0.04698826230767483,Data Analyst,0.04516510365440764
helm,Kubernetes Operations Engineer,0.22302765499267782,Other,0.06579271855324272,Mobile Developer,0.04814137909187342,Marketing,0.043578367709132565,Data Analyst,0.04190487032139535
hibernate,Backend Developer,0.17237193632520922,Other,0.0697072944776374,Marketing,0.046692557677238775,Mobile Developer,0.04604728349542017,Data Analyst,0.04375210823907129
hr,HR,0.38135818169106817,Other,0.051394782402844806,Mobile Developer,0.03793402785438135,Marketing,0.034541503086192575,Data Analyst,0.03323309445788931
html,Frontend Developer,0.22783816251937455,Web Developer,0.11257758239428618,Other,0.058162406014016906,Mobile Developer,0.041948394707270686,Marketing,0.03833891362564985
illustrator,Other,0.08047227237818554,Designer,0.0616516235009937,Mobile Developer,0.05810752683935264,Marketing,0.05282059266243895,Data Analyst,0.050699473374937354
ios,Mobile Developer,0.30608814135536366,Other,0.046895682770106605,Marketing,0.040406433849738556,Data Analyst,0.038291487247790225,Software Project Manager,0.037780838621235886
java,Backend Developer,0.2193575671351477,Full Stack Java Developer,0.17381531923650634,Mobile Developer,0.07478372791879746,Other,0.04806108727072675,Marketing,0.03304309551431763
javascript,Full Stack Python Developer,0.20063852751647218,Web Developer,0.13479579967113556,PHP Developer,0.11669028038869744,Blockchain Developer,0.0631377922070592,Frontend Developer,0.04459999424852562
jenkins,DevOps Engineer,0.3759527544406521,Other,0.053073628442699944,Mobile Developer,0.03815170659211517,Marketing,0.03470266728831059,Data Analyst,0.03338640721249806
jira,Software Project Manager,0.18116800166372868,Other,0.06922322606941633,Mobile Developer,0.05080680926155698,Marketing,0.045958820195157464,Data Analyst,0.0441481616810371
js,Web Developer,0.37057409913104633,Other,0.05441921325212842,Mobile Developer,0.03893039396388786,Marketing,0.035431458992555384,Data Analyst,0.03405004882558218
keras,Data Scientist,0.2601905078535742,Other,0.06325277091909841,Mobile Developer,0.04618723595488439,Marketing,0.04183000267551806,Data Analyst,0.03943518283415086
kotlin,Mobile Developer,0.18833600391693064,Other,0.0703429551685776,Marketing,0.04624283261811341,Data Analyst,0.0444916065319179,Software Project Manager,0.043206813915421145
kubernetes,Kubernetes Operations Engineer,0.3864914747827479,Other,0.05201345654628866,Mobile Developer,0.03762727496656016,Marketing,0.0342828184511014,Data Analyst,0.03297481598540669
laravel,PHP Developer,0.14025270126304698,Other,0.07006581013104238,Mobile Developer,0.053197646256429414,Marketing,0.04810927920455598,Data Analyst,0.04624729884690638
leadership,Other,0.07697507715633935,Software Project Manager,0.07521396385417434,HR,0.05772718948764745,Mobile Developer,0.05708524905937799,Marketing,0.051462471403914675
learning,AIML,0.19922392574420994,Data Scientist,0.14432178741711885,Other,0.04897292565084357,Mobile Developer,0.04261997526414685,Marketing,0.03887668468087106
linux,DevOps Engineer,0.16235057033513015,Other,0.0704796063524938,Mobile Developer,0.0515954783070437,Marketing,0.046638705777652015,Data Analyst,0.04481767705661789
machine,Data Scientist,0.2765711140811613,Other,0.048426348107260896,Mobile Developer,0.045721674436854196,Marketing,0.04140427306803236,Software Project Manager,0.03864466201261715
management,Software Project Manager,0.33524756440458076,HR,0.08731005698934315,Other,0.0470340463772154,Mobile Developer,0.03715587140751739,Marketing,0.03407236397978675
marketing,Marketing,0.3676343887861895,Other,0.05094637388709366,Mobile Developer,0.0390865895397609,Data Analyst,0.03424478035679602,Software Project Manager,0.033346750042768526
media,Marketing,0.1732372923471512,Other,0.06861354222797444,Mobile Developer,0.051586501510557034,Data Analyst,0.044815277656787285,Software Project Manager,0.04358104854113453
microservices,Backend Developer,0.22618812687524253,Other,0.06730736641319537,Mobile Developer,0.04712899071454536,Marketing,0.043267855198690704,Software Project Manager,0.04047676503014267
modeling,Other,0.8929306891787147,Game Developer,0.007459528357920907,Mobile Developer,0.006444664267908536,Marketing,0.0059967238320872765,Software Project Manager,0.005668603521906614
mongodb,Web Developer,0.1660610562552782,Other,0.07089137527073475,Mobile Developer,0.05165760642462657,Marketing,0.046730268693504634,Data Analyst,0.0449014091615743
mysql,PHP Developer,0.34399189207145614,Other,0.053128544602733405,Mobile Developer,0.04021073489136164,Marketing,0.03667284252303948,Data Analyst,0.035320630786414356
net,C# Developer,0.254691171152278,Other,0.06441219389680261,Mobile Developer,0.04494766095142733,Marketing,0.04133322768510918,Software Project Manager,0.038697816944178405
network,Cybersecurity Engineer,0.19114779303947624,Other,0.07037712675237048,Mobile Developer,0.049870910514160385,Marketing,0.04514808415629665,Data Analyst,0.04337574060889144
nlp,AIML,0.1563610513136998,Data Scientist,0.12170336021174592,Other,0.06579027441077795,Mobile Developer,0.045835118249042246,Marketing,0.04170978852163251
node,Web Developer,0.1660610562552782,Other,0.07089137527073475,Mobile Developer,0.05165760642462657,Marketing,0.046730268693504634,Data Analyst,0.0449014091615743
objective,Other,0.08048326938921399,Mobile Developer,0.06817505355225807,Marketing,0.05311657246697753,Data Analyst,0.05093152052187862,Software Project Manager,0.0494536026552946
pandas,Data Analyst,0.2217174978625866,Other,0.06665347578399099,Mobile Developer,0.04877523905890571,Marketing,0.044063694572869246,Software Project Manager,0.04120919697509971
penetration,Cybersecurity Engineer,0.20434471778338226,Other,0.06669866286437008,Mobile Developer,0.049150202172055166,Marketing,0.04455199466962596,Data Analyst,0.04284639307694098
photoshop,Other,0.08047227237818554,Designer,0.0616516235009937,Mobile Developer,0.05810752683935264,Marketing,0.05282059266243895,Data Analyst,0.050699473374937354
php,PHP Developer,0.34399189207145614,Other,0.053128544602733405,Mobile Developer,0.04021073489136164,Marketing,0.03667284252303948,Data Analyst,0.035320630786414356
physics,Other,0.07177645681104555,Game Developer,0.06703339816002878,Mobile Developer,0.05902706627083603,Marketing,0.05295064303087971,Data Analyst,0.05075834168765608
policies,HR,0.19215909506504872,Other,0.06602694435277341,Mobile Developer,0.050017137122820216,Marketing,0.04530779366266754,Data Analyst,0.043538689328318995
postgresql,Full Stack Python Developer,0.2149202592782974,Other,0.06788881564148108,Mobile Developer,0.04871413905374383,Marketing,0.04406677042851424,Data Analyst,0.04162137748486985
ppc,Marketing,0.18888032921859813,Other,0.06729803838101919,Mobile Developer,0.050576292927440966,Data Analyst,0.04393181944055542,Software Project Manager,0.04275854559919576
problem,Other,0.0787730486933452,Mobile Developer,0.058825975016976915,Marketing,0.05319379423101007,Backend Developer,0.05276957303098369,Data Analyst,0.05091543423502919
project,Software Project Manager,0.21936135569532897,Other,0.05853866065268088,Mobile Developer,0.04884784731462728,Marketing,0.04429764038036679,Data Analyst,0.04255025342192914
prototyping,Designer,0.1485798538488845,Other,0.07359883504973955,Mobile Developer,0.04931393384150779,Marketing,0.047861898001653275,Data Analyst,0.045991453207106736
python,Full Stack Python Developer,0.2276886671551405,Data Scientist,0.21908469748791093,Data Analyst,0.0677558953505779,AIML,0.06134258314988626,Other,0.0325886273044467
r,Other,0.08074815673647599,Mobile Developer,0.059877397133988146,Marketing,0.053612575861358355,Data Analyst,0.051407933817408664,Software Project Manager,0.04990410666758822
react,Frontend Developer,0.2677836887259031,Full Stack Java Developer,0.09861642178895627,Other,0.05154974493015857,Mobile Developer,0.04005501540208349,Full Stack Python Developer,0.037662059401050794
recruitment,HR,0.38135818169106817,Other,0.051394782402844806,Mobile Developer,0.03793402785438135,Marketing,0.034541503086192575,Data Analyst,0.03323309445788931
redux,Frontend Developer,0.12277575253465875,Other,0.07225499033664808,Mobile Developer,0.05456616300180931,Marketing,0.04916006486490595,Data Analyst,0.047234092421185446
relations,HR,0.152736087756389,Other,0.07227982976608606,Mobile Developer,0.05265698183495817,Marketing,0.047491357320004195,Data Analyst,0.04561139484588598
rest,Backend Developer,0.13272786396919478,Mobile Developer,0.13032485983935016,Other,0.06533156959261864,Marketing,0.04387876094137937,Data Analyst,0.041314713257536904
risk,Other,0.9139766558866251,Mobile Developer,0.005282188032721543,Marketing,0.004922285246317734,Software Project Manager,0.004653897206603408,Data Analyst,0.004636599612180741
science,Other,0.07936432162945013,Data Scientist,0.06366181686893121,Mobile Developer,0.058722884591329974,Marketing,0.05280985545493691,Data Analyst,0.05024310793503821
scrum,Software Project Manager,0.21936135569532897,Other,0.05853866065268088,Mobile Developer,0.04884784731462728,Marketing,0.04429764038036679,Data Analyst,0.04255025342192914
sdk,Mobile Developer,0.16016737658962235,Other,0.07341105333697694,Marketing,0.04779864517243549,Data Analyst,0.04595714029196133,Software Project Manager,0.04465498874423391
security,Cybersecurity Engineer,0.19114779303947624,Other,0.07037712675237048,Mobile Developer,0.049870910514160385,Marketing,0.04514808415629665,Data Analyst,0.04337574060889144
seo,Marketing,0.20804228125431787,Other,0.06532588648741658,Mobile Developer,0.04933885543492669,Data Analyst,0.042900967333853665,Software Project Manager,0.04175557640985566
server,C# Developer,0.254691171152278,Other,0.06441219389680261,Mobile Developer,0.04494766095142733,Marketing,0.04133322768510918,Software Project Manager,0.038697816944178405
siem,Cybersecurity Engineer,0.36852680900565427,Other,0.053479135479894795,Mobile Developer,0.0385702687996851,Marketing,0.03514918318532133,Data Analyst,0.033857758222886995
sketch,Designer,0.17853203142696603,Other,0.060866962817568274,Mobile Developer,0.047216162141603096,Marketing,0.0468705177234113,Data Analyst,0.045055304132169065
smart,Other,0.08060673591910868,Blockchain Developer,0.05987117279107889,Mobile Developer,0.05879936336472558,Marketing,0.05274251201943485,Data Analyst,0.050615296683863026
social,Marketing,0.1732372923471512,Other,0.06861354222797444,Mobile Developer,0.051586501510557034,Data Analyst,0.044815277656787285,Software Project Manager,0.04358104854113453
solidity,Blockchain Developer,0.4104042441288952,Other,0.04295419568417503,Mobile Developer,0.036626074775547114,Marketing,0.033354366063541634,Data Analyst,0.03212524661558217
solving,Other,0.0787730486933452,Mobile Developer,0.058825975016976915,Marketing,0.05319379423101007,Backend Developer,0.05276957303098369,Data Analyst,0.05091543423502919
spring,Full Stack Java Developer,0.2616689320950376,Backend Developer,0.11534562509953837,Other,0.052778953145421505,Mobile Developer,0.038265406118795246,Marketing,0.036506251370058564
sql,Data Analyst,0.19067118757733229,Backend Developer,0.1661054703589109,C# Developer,0.08596226467510021,Data Scientist,0.07916773936448696,Full Stack Python Developer,0.06501891415417128
stakeholder,Software Project Manager,0.18116800166372868,Other,0.06922322606941633,Mobile Developer,0.05080680926155698,Marketing,0.045958820195157464,Data Analyst,0.0441481616810371
statistics,Data Analyst,0.27680416136754693,Other,0.05706129837636451,Mobile Developer,0.04426782273029557,Marketing,0.041074007045453734,Software Project Manager,0.03836084324737519
strategy,Other,0.08035186088714225,Marketing,0.0653012029856366,Mobile Developer,0.058928519433649254,Data Analyst,0.05066397217464757,Software Project Manager,0.04924093825977616
swift,Mobile Developer,0.30608814135536366,Other,0.046895682770106605,Marketing,0.040406433849738556,Data Analyst,0.038291487247790225,Software Project Manager,0.037780838621235886
symfony,PHP Developer,0.14422454384349134,Other,0.07417696432147233,Mobile Developer,0.0526776548816052,Marketing,0.04757229650522449,Data Analyst,0.0456955853978834
tableau,Data Analyst,0.27685727522203846,Other,0.05713580985313605,Mobile Developer,0.04556375494825701,Marketing,0.04124268471172742,Software Project Manager,0.03854207772237635
teamwork,Other,0.07971844707715561,Mobile Developer,0.05837537861458641,Game Developer,0.056398714362869425,Marketing,0.05240819512550632,Data Analyst,0.05027416678770421
tensorflow,Data Scientist,0.17543652285370095,AIML,0.11890091982224739,Other,0.05713642992753484,Mobile Developer,0.045236710697152356,Marketing,0.041256926535653944
terraform,DevOps Engineer,0.3303972773812102,Other,0.056441936634405755,Mobile Developer,0.040640069381866886,Marketing,0.03695853443185709,Data Analyst,0.03554992454646904
testing,Cybersecurity Engineer,0.20434471778338226,Other,0.06669866286437008,Mobile Developer,0.049150202172055166,Marketing,0.04455199466962596,Data Analyst,0.04284639307694098
training,HR,0.16346731753067545,Other,0.06828242272470345,Mobile Developer,0.05192338868778057,Marketing,0.04697405462395193,Data Analyst,0.04513567232015751
typescript,Frontend Developer,0.16298998669703635,Other,0.07045132826902101,Mobile Developer,0.051645418003077447,Marketing,0.04666881009329161,Data Analyst,0.044856668831416396
ui,Designer,0.21642674413284374,Mobile Developer,0.1695450194784911,Other,0.04121377290466164,Marketing,0.037316199381909956,Data Analyst,0.03561103594368915
unity,Game Developer,0.2062319027341385,Other,0.06337116092192598,Mobile Developer,0.04936656503868549,Marketing,0.04462530147257064,Data Analyst,0.042865324777829936
unreal,Game Developer,0.21135857950198106,Other,0.06606758570844135,Mobile Developer,0.04745413497103223,Marketing,0.044164699413650546,Data Analyst,0.04248370086561567
ux,Designer,0.21642674413284374,Mobile Developer,0.1695450194784911,Other,0.04121377290466164,Marketing,0.037316199381909956,Data Analyst,0.03561103594368915
visualization,Data Analyst,0.22271464669360755,Other,0.06636945895204378,Mobile Developer,0.047330268305033237,Marketing,0.04383178415180021,Software Project Manager,0.04096648138912473
vr,Game Developer,0.39988528286466607,Other,0.03719427456248176,Mobile Developer,0.03686377100542222,Marketing,0.03432053550608849,Data Analyst,0.03303370913529172
vue,Web Developer,0.17891614679318504,Other,0.0709590743188673,Mobile Developer,0.0513505194498316,Marketing,0.046383453420970285,Data Analyst,0.04449936609292742
web3,Blockchain Developer,0.3485285668335905,Other,0.04750519489446364,Mobile Developer,0.040543064951815075,Marketing,0.03686437141214997,Data Analyst,0.03549342251848587
web3js,Other,0.07853002953336945,Blockchain Developer,0.06304756045448501,Mobile Developer,0.0588105938205559,Marketing,0.05273111045132786,Data Analyst,0.050607620638118064
wireframing,Designer,0.17853203142696603,Other,0.060866962817568274,Mobile Developer,0.047216162141603096,Marketing,0.0468705177234113,Data Analyst,0.045055304132169065
wordpress,Other,0.07446460307071803,Mobile Developer,0.059042298869863445,PHP Developer,0.05520747038121846,Marketing,0.05311175994392589,Data Analyst,0.05099995018509553
xcode,Mobile Developer,0.17073394516204626,Other,0.06657761109552346,Marketing,0.047564449908206394,Data Analyst,0.04561944883977213,Software Project Manager,0.04443129975854671
xd,Designer,0.14516668090005236,Other,0.07335589823992912,Mobile Developer,0.04969563613654411,Marketing,0.04808722166906659,Data Analyst,0.046192583914572524
